stack,size,repeat,attempt,ccu,duration,inflight,client_rc,throughput_msg_s,throughput_mib_s,p50_us,p95_us,p99_us,pass_fail,port,client_log,server_log
zlink,64,1,1,10000,5,1,0,153162.00,18.70,44057.43,67613.89,97558.28,PASS,21751,doc/plan/baseline/20260218_iter1_zlink_after_envcache/logs/zlink_s64_r1_a1_client.log,doc/plan/baseline/20260218_iter1_zlink_after_envcache/logs/zlink_s64_r1_a1_server.log
zlink,64,2,1,10000,5,1,0,148987.80,18.19,42215.51,65690.88,89627.91,PASS,21752,doc/plan/baseline/20260218_iter1_zlink_after_envcache/logs/zlink_s64_r2_a1_client.log,doc/plan/baseline/20260218_iter1_zlink_after_envcache/logs/zlink_s64_r2_a1_server.log
zlink,64,3,1,10000,5,1,0,149397.20,18.24,44268.26,69815.23,100423.16,PASS,21753,doc/plan/baseline/20260218_iter1_zlink_after_envcache/logs/zlink_s64_r3_a1_client.log,doc/plan/baseline/20260218_iter1_zlink_after_envcache/logs/zlink_s64_r3_a1_server.log
zlink,1024,1,1,10000,5,1,0,140090.00,273.61,46533.04,71603.51,95942.73,PASS,21755,doc/plan/baseline/20260218_iter1_zlink_after_envcache/logs/zlink_s1024_r1_a1_client.log,doc/plan/baseline/20260218_iter1_zlink_after_envcache/logs/zlink_s1024_r1_a1_server.log
zlink,1024,2,1,10000,5,1,0,139410.60,272.29,50125.02,67913.03,100639.91,PASS,21757,doc/plan/baseline/20260218_iter1_zlink_after_envcache/logs/zlink_s1024_r2_a1_client.log,doc/plan/baseline/20260218_iter1_zlink_after_envcache/logs/zlink_s1024_r2_a1_server.log
zlink,1024,3,1,10000,5,1,0,142516.80,278.35,45264.40,71771.20,102714.69,PASS,21758,doc/plan/baseline/20260218_iter1_zlink_after_envcache/logs/zlink_s1024_r3_a1_client.log,doc/plan/baseline/20260218_iter1_zlink_after_envcache/logs/zlink_s1024_r3_a1_server.log
zlink,65536,1,1,10000,5,1,0,36814.20,4601.77,114925.13,153359.79,5377210.78,PASS,21759,doc/plan/baseline/20260218_iter1_zlink_after_envcache/logs/zlink_s65536_r1_a1_client.log,doc/plan/baseline/20260218_iter1_zlink_after_envcache/logs/zlink_s65536_r1_a1_server.log
zlink,65536,2,1,10000,5,1,0,37394.40,4674.30,133096.37,176979.38,5325580.22,PASS,21760,doc/plan/baseline/20260218_iter1_zlink_after_envcache/logs/zlink_s65536_r2_a1_client.log,doc/plan/baseline/20260218_iter1_zlink_after_envcache/logs/zlink_s65536_r2_a1_server.log
zlink,65536,3,1,10000,5,1,0,37401.80,4675.23,132654.73,162684.18,5318523.17,PASS,21761,doc/plan/baseline/20260218_iter1_zlink_after_envcache/logs/zlink_s65536_r3_a1_client.log,doc/plan/baseline/20260218_iter1_zlink_after_envcache/logs/zlink_s65536_r3_a1_server.log
