client,submit_start,0,327495852237984
client,submit_stop,0,327495852573556
client,poll_enter,0,327495852583357
server,recv_return,1,327495853041213
server,reply_start,1,327495853061343
server,reply_done,1,327495853081896
core,dispatch_reply_enter,1,327495853312418
core,pending_lookup_start,1,327495853328522
core,pending_lookup_done,1,327495853331775
core,timeout_cancel_start,1,327495853332723
core,timeout_cancel_done,1,327495853336784
core,queue_completion_start,1,327495853337877
core,queue_completion_done,1,327495853349886
client,callback_enter,0,327495853371413
client,poll_return,0,327495853379593
client,submit_start,1,327495853381460
client,submit_stop,1,327495853391134
client,poll_enter,1,327495853393542
server,recv_return,2,327495853466765
server,reply_start,2,327495853472536
server,reply_done,2,327495853480571
core,dispatch_reply_enter,2,327495853526634
core,pending_lookup_start,2,327495853532169
core,pending_lookup_done,2,327495853534026
core,timeout_cancel_start,2,327495853534982
core,timeout_cancel_done,2,327495853537967
core,queue_completion_start,2,327495853538888
core,queue_completion_done,2,327495853543730
client,callback_enter,1,327495853731113
client,poll_return,1,327495853738966
client,submit_start,2,327495853740736
client,submit_stop,2,327495853748985
client,poll_enter,2,327495853751393
server,recv_return,3,327495853819912
server,reply_start,3,327495853823958
server,reply_done,3,327495853829738
core,dispatch_reply_enter,3,327495853870314
core,pending_lookup_start,3,327495853874425
core,pending_lookup_done,3,327495853875897
core,timeout_cancel_start,3,327495853876745
core,timeout_cancel_done,3,327495853879448
core,queue_completion_start,3,327495853880379
core,queue_completion_done,3,327495853884225
client,callback_enter,2,327495853922855
client,poll_return,2,327495853933197
client,submit_start,3,327495853935321
client,submit_stop,3,327495853947048
client,poll_enter,3,327495853949167
server,recv_return,4,327495854142910
server,reply_start,4,327495854150564
server,reply_done,4,327495854156883
core,dispatch_reply_enter,4,327495854206681
core,pending_lookup_start,4,327495854212065
core,pending_lookup_done,4,327495854213743
core,timeout_cancel_start,4,327495854214749
core,timeout_cancel_done,4,327495854217229
core,queue_completion_start,4,327495854218224
core,queue_completion_done,4,327495854222989
client,callback_enter,3,327495854368815
client,poll_return,3,327495854375846
client,submit_start,4,327495854377400
client,submit_stop,4,327495854389470
client,poll_enter,4,327495854390499
server,recv_return,5,327495854579382
server,reply_start,5,327495854587326
server,reply_done,5,327495854598907
core,dispatch_reply_enter,5,327495854642384
core,pending_lookup_start,5,327495854649050
core,pending_lookup_done,5,327495854651086
core,timeout_cancel_start,5,327495854651989
core,timeout_cancel_done,5,327495854655078
core,queue_completion_start,5,327495854656064
core,queue_completion_done,5,327495854661777
client,callback_enter,4,327495854681846
client,poll_return,4,327495854690887
client,submit_start,5,327495854693002
client,submit_stop,5,327495854702451
client,poll_enter,5,327495854703429
server,recv_return,6,327495854757264
server,reply_start,6,327495854763080
server,reply_done,6,327495854768901
core,dispatch_reply_enter,6,327495854806885
core,pending_lookup_start,6,327495854810862
core,pending_lookup_done,6,327495854812355
core,timeout_cancel_start,6,327495854813273
core,timeout_cancel_done,6,327495854816060
core,queue_completion_start,6,327495854817088
core,queue_completion_done,6,327495854821625
client,callback_enter,5,327495854840999
client,poll_return,5,327495854844857
client,submit_start,6,327495854846575
client,submit_stop,6,327495854856398
client,poll_enter,6,327495854857427
server,recv_return,7,327495854905831
server,reply_start,7,327495854908332
server,reply_done,7,327495854913757
core,dispatch_reply_enter,7,327495854957245
core,pending_lookup_start,7,327495854959518
core,pending_lookup_done,7,327495854960862
core,timeout_cancel_start,7,327495854961820
core,timeout_cancel_done,7,327495854966498
core,queue_completion_start,7,327495854968046
core,queue_completion_done,7,327495854982356
client,callback_enter,6,327495855005191
client,poll_return,6,327495855015164
client,submit_start,7,327495855017137
client,submit_stop,7,327495855028541
client,poll_enter,7,327495855032340
server,recv_return,8,327495855088792
server,reply_start,8,327495855094536
server,reply_done,8,327495855101431
core,dispatch_reply_enter,8,327495855137855
core,pending_lookup_start,8,327495855143193
core,pending_lookup_done,8,327495855145008
core,timeout_cancel_start,8,327495855146115
core,timeout_cancel_done,8,327495855148819
core,queue_completion_start,8,327495855149944
core,queue_completion_done,8,327495855154227
client,callback_enter,7,327495855171631
client,poll_return,7,327495855178334
client,submit_start,8,327495855179879
client,submit_stop,8,327495855187195
client,poll_enter,8,327495855188198
server,recv_return,9,327495855258496
server,reply_start,9,327495855265687
server,reply_done,9,327495855272708
core,dispatch_reply_enter,9,327495855314719
core,pending_lookup_start,9,327495855321347
core,pending_lookup_done,9,327495855323105
core,timeout_cancel_start,9,327495855323990
core,timeout_cancel_done,9,327495855325135
core,queue_completion_start,9,327495855326000
core,queue_completion_done,9,327495855331180
client,callback_enter,8,327495855344322
client,poll_return,8,327495855350236
client,submit_start,9,327495855351852
client,submit_stop,9,327495855363948
client,poll_enter,9,327495855366513
server,recv_return,10,327495855417887
server,reply_start,10,327495855422904
server,reply_done,10,327495855429677
core,dispatch_reply_enter,10,327495855476848
core,pending_lookup_start,10,327495855482980
core,pending_lookup_done,10,327495855485166
core,timeout_cancel_start,10,327495855486114
core,timeout_cancel_done,10,327495855489155
core,queue_completion_start,10,327495855490179
core,queue_completion_done,10,327495855495264
client,callback_enter,9,327495855641790
client,poll_return,9,327495855649942
client,submit_start,10,327495855651853
client,submit_stop,10,327495855660414
client,poll_enter,10,327495855663882
server,recv_return,11,327495855722491
server,reply_start,11,327495855731588
server,reply_done,11,327495855741977
core,dispatch_reply_enter,11,327495855781624
core,pending_lookup_start,11,327495855787513
core,pending_lookup_done,11,327495855789501
core,timeout_cancel_start,11,327495855790443
core,timeout_cancel_done,11,327495855793346
core,queue_completion_start,11,327495855794391
core,queue_completion_done,11,327495855799120
client,callback_enter,10,327495855820827
client,poll_return,10,327495855825766
client,submit_start,11,327495855827376
client,submit_stop,11,327495855837750
client,poll_enter,11,327495855839112
server,recv_return,12,327495855902449
server,reply_start,12,327495855908907
server,reply_done,12,327495855915500
core,dispatch_reply_enter,12,327495855957078
core,pending_lookup_start,12,327495855962554
core,pending_lookup_done,12,327495855964264
core,timeout_cancel_start,12,327495855965284
core,timeout_cancel_done,12,327495855968073
core,queue_completion_start,12,327495855969249
core,queue_completion_done,12,327495855974091
client,callback_enter,11,327495855986992
client,poll_return,11,327495855993604
client,submit_start,12,327495855995302
client,submit_stop,12,327495856009501
client,poll_enter,12,327495856017268
server,recv_return,13,327495856061707
server,reply_start,13,327495856064227
server,reply_done,13,327495856069754
core,dispatch_reply_enter,13,327495856108073
core,pending_lookup_start,13,327495856110713
core,pending_lookup_done,13,327495856112305
core,timeout_cancel_start,13,327495856113281
core,timeout_cancel_done,13,327495856116354
core,queue_completion_start,13,327495856117368
core,queue_completion_done,13,327495856121645
client,callback_enter,12,327495856272748
client,poll_return,12,327495856281106
client,submit_start,13,327495856282966
client,submit_stop,13,327495856292921
client,poll_enter,13,327495856295218
server,recv_return,14,327495856348935
server,reply_start,14,327495856353722
server,reply_done,14,327495856359453
core,dispatch_reply_enter,14,327495856395424
core,pending_lookup_start,14,327495856403685
core,pending_lookup_done,14,327495856405319
core,timeout_cancel_start,14,327495856406226
core,timeout_cancel_done,14,327495856409003
core,queue_completion_start,14,327495856409963
core,queue_completion_done,14,327495856416670
client,callback_enter,13,327495856433323
client,poll_return,13,327495856438527
client,submit_start,14,327495856440213
client,submit_stop,14,327495856448913
client,poll_enter,14,327495856449837
server,recv_return,15,327495856504272
server,reply_start,15,327495856510110
server,reply_done,15,327495856516203
core,dispatch_reply_enter,15,327495856554650
core,pending_lookup_start,15,327495856559941
core,pending_lookup_done,15,327495856561601
core,timeout_cancel_start,15,327495856562641
core,timeout_cancel_done,15,327495856565393
core,queue_completion_start,15,327495856566343
core,queue_completion_done,15,327495856570313
client,callback_enter,14,327495856587651
client,poll_return,14,327495856596767
client,submit_start,15,327495856598898
client,submit_stop,15,327495856610913
client,poll_enter,15,327495856614409
server,recv_return,16,327495856673711
server,reply_start,16,327495856678722
server,reply_done,16,327495856685678
core,dispatch_reply_enter,16,327495856720865
core,pending_lookup_start,16,327495856725210
core,pending_lookup_done,16,327495856726626
core,timeout_cancel_start,16,327495856728123
core,timeout_cancel_done,16,327495856731123
core,queue_completion_start,16,327495856732078
core,queue_completion_done,16,327495856736409
client,callback_enter,15,327495856752907
client,poll_return,15,327495856758558
client,submit_start,16,327495856760341
client,submit_stop,16,327495856768958
client,poll_enter,16,327495856772502
server,recv_return,17,327495856835904
server,reply_start,17,327495856842349
server,reply_done,17,327495856849170
core,dispatch_reply_enter,17,327495856884159
core,pending_lookup_start,17,327495856891398
core,pending_lookup_done,17,327495856893309
core,timeout_cancel_start,17,327495856894186
core,timeout_cancel_done,17,327495856897239
core,queue_completion_start,17,327495856898188
core,queue_completion_done,17,327495856904060
client,callback_enter,16,327495856913626
client,poll_return,16,327495856919042
client,submit_start,17,327495856920710
client,submit_stop,17,327495856927963
client,poll_enter,17,327495856929147
server,recv_return,18,327495856985705
server,reply_start,18,327495856991494
server,reply_done,18,327495856997452
core,dispatch_reply_enter,18,327495857032537
core,pending_lookup_start,18,327495857038531
core,pending_lookup_done,18,327495857040196
core,timeout_cancel_start,18,327495857041190
core,timeout_cancel_done,18,327495857044622
core,queue_completion_start,18,327495857045625
core,queue_completion_done,18,327495857050302
client,callback_enter,17,327495857062785
client,poll_return,17,327495857068558
client,submit_start,18,327495857070215
client,submit_stop,18,327495857078407
client,poll_enter,18,327495857079603
server,recv_return,19,327495857138694
server,reply_start,19,327495857144946
server,reply_done,19,327495857151220
core,dispatch_reply_enter,19,327495857185845
core,pending_lookup_start,19,327495857191086
core,pending_lookup_done,19,327495857192747
core,timeout_cancel_start,19,327495857193603
core,timeout_cancel_done,19,327495857196431
core,queue_completion_start,19,327495857197490
core,queue_completion_done,19,327495857201806
client,callback_enter,18,327495857219769
client,poll_return,18,327495857226798
client,submit_start,19,327495857228680
client,submit_stop,19,327495857238645
client,poll_enter,19,327495857240904
server,recv_return,20,327495857300368
server,reply_start,20,327495857306194
server,reply_done,20,327495857312196
core,dispatch_reply_enter,20,327495857349513
core,pending_lookup_start,20,327495857355081
core,pending_lookup_done,20,327495857356779
core,timeout_cancel_start,20,327495857357764
core,timeout_cancel_done,20,327495857360499
core,queue_completion_start,20,327495857361490
core,queue_completion_done,20,327495857365771
client,callback_enter,19,327495857381310
client,poll_return,19,327495857388438
client,submit_start,20,327495857395085
client,submit_stop,20,327495857404896
client,poll_enter,20,327495857408356
server,recv_return,21,327495857455493
server,reply_start,21,327495857461326
server,reply_done,21,327495857466919
core,dispatch_reply_enter,21,327495857507487
core,pending_lookup_start,21,327495857513912
core,pending_lookup_done,21,327495857515561
core,timeout_cancel_start,21,327495857516606
core,timeout_cancel_done,21,327495857519672
core,queue_completion_start,21,327495857520682
core,queue_completion_done,21,327495857525566
client,callback_enter,20,327495857540002
client,poll_return,20,327495857545351
client,submit_start,21,327495857547000
client,submit_stop,21,327495857554245
client,poll_enter,21,327495857555198
server,recv_return,22,327495857613292
server,reply_start,22,327495857619534
server,reply_done,22,327495857625781
core,dispatch_reply_enter,22,327495857662874
core,pending_lookup_start,22,327495857668277
core,pending_lookup_done,22,327495857670013
core,timeout_cancel_start,22,327495857670917
core,timeout_cancel_done,22,327495857673659
core,queue_completion_start,22,327495857674619
core,queue_completion_done,22,327495857679473
client,callback_enter,21,327495857696749
client,poll_return,21,327495857703857
client,submit_start,22,327495857705640
client,submit_stop,22,327495857715250
client,poll_enter,22,327495857717728
server,recv_return,23,327495857777643
server,reply_start,23,327495857783818
server,reply_done,23,327495857790098
core,dispatch_reply_enter,23,327495857826550
core,pending_lookup_start,23,327495857832102
core,pending_lookup_done,23,327495857834101
core,timeout_cancel_start,23,327495857835342
core,timeout_cancel_done,23,327495857838420
core,queue_completion_start,23,327495857839623
core,queue_completion_done,23,327495857844267
client,callback_enter,22,327495857865355
client,poll_return,22,327495857871707
client,submit_start,23,327495857873504
client,submit_stop,23,327495857883290
client,poll_enter,23,327495857885443
server,recv_return,24,327495857939148
server,reply_start,24,327495857945050
server,reply_done,24,327495857954652
core,dispatch_reply_enter,24,327495857991602
core,pending_lookup_start,24,327495857997888
core,pending_lookup_done,24,327495857999792
core,timeout_cancel_start,24,327495858000736
core,timeout_cancel_done,24,327495858003618
core,queue_completion_start,24,327495858004662
core,queue_completion_done,24,327495858009920
client,callback_enter,23,327495858024428
client,poll_return,23,327495858030806
client,submit_start,24,327495858032455
client,submit_stop,24,327495858043774
client,poll_enter,24,327495858046157
server,recv_return,25,327495858103360
server,reply_start,25,327495858109080
server,reply_done,25,327495858114804
core,dispatch_reply_enter,25,327495858156547
core,pending_lookup_start,25,327495858162158
core,pending_lookup_done,25,327495858163961
core,timeout_cancel_start,25,327495858164972
core,timeout_cancel_done,25,327495858167780
core,queue_completion_start,25,327495858168791
core,queue_completion_done,25,327495858173002
client,callback_enter,24,327495858191051
client,poll_return,24,327495858197999
client,submit_start,25,327495858199857
client,submit_stop,25,327495858209136
client,poll_enter,25,327495858210442
server,recv_return,26,327495858268582
server,reply_start,26,327495858273880
server,reply_done,26,327495858279019
core,dispatch_reply_enter,26,327495858311550
core,pending_lookup_start,26,327495858317520
core,pending_lookup_done,26,327495858319086
core,timeout_cancel_start,26,327495858320048
core,timeout_cancel_done,26,327495858322930
core,queue_completion_start,26,327495858323865
core,queue_completion_done,26,327495858328365
client,callback_enter,25,327495858343029
client,poll_return,25,327495858348329
client,submit_start,26,327495858349975
client,submit_stop,26,327495858357494
client,poll_enter,26,327495858358482
server,recv_return,27,327495858405832
server,reply_start,27,327495858411363
server,reply_done,27,327495858417126
core,dispatch_reply_enter,27,327495858451949
core,pending_lookup_start,27,327495858456866
core,pending_lookup_done,27,327495858458274
core,timeout_cancel_start,27,327495858464454
core,timeout_cancel_done,27,327495858467336
core,queue_completion_start,27,327495858469631
core,queue_completion_done,27,327495858473727
client,callback_enter,26,327495858492143
client,poll_return,26,327495858498268
client,submit_start,27,327495858499918
client,submit_stop,27,327495858508666
client,poll_enter,27,327495858509879
server,recv_return,28,327495858561947
server,reply_start,28,327495858567307
server,reply_done,28,327495858573273
core,dispatch_reply_enter,28,327495858613267
core,pending_lookup_start,28,327495858619213
core,pending_lookup_done,28,327495858621231
core,timeout_cancel_start,28,327495858622139
core,timeout_cancel_done,28,327495858624862
core,queue_completion_start,28,327495858625747
core,queue_completion_done,28,327495858631664
client,callback_enter,27,327495858645307
client,poll_return,27,327495858649382
client,submit_start,28,327495858651012
client,submit_stop,28,327495858658192
client,poll_enter,28,327495858660591
server,recv_return,29,327495858720734
server,reply_start,29,327495858726677
server,reply_done,29,327495858732332
core,dispatch_reply_enter,29,327495858770811
core,pending_lookup_start,29,327495858776378
core,pending_lookup_done,29,327495858777982
core,timeout_cancel_start,29,327495858778889
core,timeout_cancel_done,29,327495858781664
core,queue_completion_start,29,327495858782544
core,queue_completion_done,29,327495858787391
client,callback_enter,28,327495858798030
client,poll_return,28,327495858802044
client,submit_start,29,327495858804016
client,submit_stop,29,327495858811678
client,poll_enter,29,327495858815253
server,recv_return,30,327495858873340
server,reply_start,30,327495858879038
server,reply_done,30,327495858884751
core,dispatch_reply_enter,30,327495858922526
core,pending_lookup_start,30,327495858928552
core,pending_lookup_done,30,327495858930198
core,timeout_cancel_start,30,327495858931154
core,timeout_cancel_done,30,327495858933788
core,queue_completion_start,30,327495858934888
core,queue_completion_done,30,327495858942193
client,callback_enter,29,327495858957137
client,poll_return,29,327495858962919
client,submit_start,30,327495858964522
client,submit_stop,30,327495858972438
client,poll_enter,30,327495858973811
server,recv_return,31,327495859033786
server,reply_start,31,327495859039496
server,reply_done,31,327495859045545
core,dispatch_reply_enter,31,327495859091697
core,pending_lookup_start,31,327495859098086
core,pending_lookup_done,31,327495859100347
core,timeout_cancel_start,31,327495859101670
core,timeout_cancel_done,31,327495859104833
core,queue_completion_start,31,327495859106340
core,queue_completion_done,31,327495859111477
client,callback_enter,30,327495859123176
client,poll_return,30,327495859127467
client,submit_start,31,327495859129095
client,submit_stop,31,327495859136653
client,poll_enter,31,327495859140245
server,recv_return,32,327495859192138
server,reply_start,32,327495859197632
server,reply_done,32,327495859202832
core,dispatch_reply_enter,32,327495859240166
core,pending_lookup_start,32,327495859245856
core,pending_lookup_done,32,327495859247523
core,timeout_cancel_start,32,327495859248498
core,timeout_cancel_done,32,327495859251322
core,queue_completion_start,32,327495859252270
core,queue_completion_done,32,327495859256787
client,callback_enter,31,327495859274839
client,poll_return,31,327495859281556
client,submit_start,32,327495859283324
client,submit_stop,32,327495859292843
client,poll_enter,32,327495859295008
server,recv_return,33,327495859353457
server,reply_start,33,327495859359660
server,reply_done,33,327495859366345
core,dispatch_reply_enter,33,327495859405510
core,pending_lookup_start,33,327495859410874
core,pending_lookup_done,33,327495859412542
core,timeout_cancel_start,33,327495859413517
core,timeout_cancel_done,33,327495859416289
core,queue_completion_start,33,327495859417245
core,queue_completion_done,33,327495859421771
client,callback_enter,32,327495859440022
client,poll_return,32,327495859446308
client,submit_start,33,327495859447998
client,submit_stop,33,327495859456807
client,poll_enter,33,327495859457996
server,recv_return,34,327495859517809
server,reply_start,34,327495859523145
server,reply_done,34,327495859529621
core,dispatch_reply_enter,34,327495859583008
core,pending_lookup_start,34,327495859588578
core,pending_lookup_done,34,327495859590173
core,timeout_cancel_start,34,327495859591070
core,timeout_cancel_done,34,327495859593575
core,queue_completion_start,34,327495859594546
core,queue_completion_done,34,327495859599514
client,callback_enter,33,327495859637950
client,poll_return,33,327495859653390
client,submit_start,34,327495859656473
client,submit_stop,34,327495859673510
client,poll_enter,34,327495859678761
server,recv_return,35,327495859747283
server,reply_start,35,327495859753053
server,reply_done,35,327495859759203
core,dispatch_reply_enter,35,327495859821373
core,pending_lookup_start,35,327495859827732
core,pending_lookup_done,35,327495859829511
core,timeout_cancel_start,35,327495859830563
core,timeout_cancel_done,35,327495859833629
core,queue_completion_start,35,327495859834686
core,queue_completion_done,35,327495859839368
client,callback_enter,34,327495860017750
client,poll_return,34,327495860028121
client,submit_start,35,327495860030273
client,submit_stop,35,327495860040260
client,poll_enter,35,327495860042661
server,recv_return,36,327495860102354
server,reply_start,36,327495860109181
server,reply_done,36,327495860119495
core,dispatch_reply_enter,36,327495860165030
core,pending_lookup_start,36,327495860170692
core,pending_lookup_done,36,327495860172373
core,timeout_cancel_start,36,327495860173245
core,timeout_cancel_done,36,327495860176056
core,queue_completion_start,36,327495860176976
core,queue_completion_done,36,327495860181520
client,callback_enter,35,327495860200440
client,poll_return,35,327495860207888
client,submit_start,36,327495860209597
client,submit_stop,36,327495860219586
client,poll_enter,36,327495860220797
server,recv_return,37,327495860281693
server,reply_start,37,327495860287259
server,reply_done,37,327495860293493
core,dispatch_reply_enter,37,327495860331347
core,pending_lookup_start,37,327495860337809
core,pending_lookup_done,37,327495860339214
core,timeout_cancel_start,37,327495860340109
core,timeout_cancel_done,37,327495860342957
core,queue_completion_start,37,327495860343890
core,queue_completion_done,37,327495860349202
client,callback_enter,36,327495860375693
client,poll_return,36,327495860389868
client,submit_start,37,327495860392786
client,submit_stop,37,327495860413969
client,poll_enter,37,327495860420064
server,recv_return,38,327495860466139
server,reply_start,38,327495860472528
server,reply_done,38,327495860479159
core,dispatch_reply_enter,38,327495860523108
core,pending_lookup_start,38,327495860528926
core,pending_lookup_done,38,327495860530923
core,timeout_cancel_start,38,327495860531829
core,timeout_cancel_done,38,327495860534635
core,queue_completion_start,38,327495860535621
core,queue_completion_done,38,327495860540318
client,callback_enter,37,327495860557345
client,poll_return,37,327495860564382
client,submit_start,38,327495860566122
client,submit_stop,38,327495860575502
client,poll_enter,38,327495860578871
server,recv_return,39,327495860631600
server,reply_start,39,327495860635835
server,reply_done,39,327495860641770
core,dispatch_reply_enter,39,327495860679500
core,pending_lookup_start,39,327495860684114
core,pending_lookup_done,39,327495860685654
core,timeout_cancel_start,39,327495860686570
core,timeout_cancel_done,39,327495860689420
core,queue_completion_start,39,327495860690413
core,queue_completion_done,39,327495860695231
client,callback_enter,38,327495860727098
client,poll_return,38,327495860742052
client,submit_start,39,327495860745248
client,submit_stop,39,327495860761496
client,poll_enter,39,327495860766642
server,recv_return,40,327495860814907
server,reply_start,40,327495860821727
server,reply_done,40,327495860827751
core,dispatch_reply_enter,40,327495860872676
core,pending_lookup_start,40,327495860878357
core,pending_lookup_done,40,327495860880039
core,timeout_cancel_start,40,327495860880957
core,timeout_cancel_done,40,327495860883454
core,queue_completion_start,40,327495860884469
core,queue_completion_done,40,327495860893727
client,callback_enter,39,327495860916297
client,poll_return,39,327495860923687
client,submit_start,40,327495860925525
client,submit_stop,40,327495860935316
client,poll_enter,40,327495860936402
server,recv_return,41,327495860990169
server,reply_start,41,327495860995820
server,reply_done,41,327495861002181
core,dispatch_reply_enter,41,327495861039429
core,pending_lookup_start,41,327495861045580
core,pending_lookup_done,41,327495861047255
core,timeout_cancel_start,41,327495861048228
core,timeout_cancel_done,41,327495861050994
core,queue_completion_start,41,327495861051919
core,queue_completion_done,41,327495861056306
client,callback_enter,40,327495861094636
client,poll_return,40,327495861106146
client,submit_start,41,327495861109283
client,submit_stop,41,327495861123357
client,poll_enter,41,327495861128836
server,recv_return,42,327495861184717
server,reply_start,42,327495861189908
server,reply_done,42,327495861196728
core,dispatch_reply_enter,42,327495861236594
core,pending_lookup_start,42,327495861240798
core,pending_lookup_done,42,327495861242404
core,timeout_cancel_start,42,327495861243289
core,timeout_cancel_done,42,327495861246002
core,queue_completion_start,42,327495861247432
core,queue_completion_done,42,327495861252434
client,callback_enter,41,327495861272337
client,poll_return,41,327495861282014
client,submit_start,42,327495861285485
client,submit_stop,42,327495861297924
client,poll_enter,42,327495861303510
server,recv_return,43,327495861355542
server,reply_start,43,327495861361794
server,reply_done,43,327495861367761
core,dispatch_reply_enter,43,327495861404804
core,pending_lookup_start,43,327495861410190
core,pending_lookup_done,43,327495861411789
core,timeout_cancel_start,43,327495861412844
core,timeout_cancel_done,43,327495861415670
core,queue_completion_start,43,327495861417090
core,queue_completion_done,43,327495861421212
client,callback_enter,42,327495861438671
client,poll_return,42,327495861444819
client,submit_start,43,327495861446655
client,submit_stop,43,327495861455779
client,poll_enter,43,327495861457042
server,recv_return,44,327495861511399
server,reply_start,44,327495861517360
server,reply_done,44,327495861523097
core,dispatch_reply_enter,44,327495861561674
core,pending_lookup_start,44,327495861567229
core,pending_lookup_done,44,327495861568890
core,timeout_cancel_start,44,327495861569825
core,timeout_cancel_done,44,327495861572564
core,queue_completion_start,44,327495861573557
core,queue_completion_done,44,327495861577627
client,callback_enter,43,327495861589885
client,poll_return,43,327495861595466
client,submit_start,44,327495861597087
client,submit_stop,44,327495861604750
client,poll_enter,44,327495861606167
server,recv_return,45,327495861684529
server,reply_start,45,327495861691521
server,reply_done,45,327495861698746
core,dispatch_reply_enter,45,327495861745079
core,pending_lookup_start,45,327495861751528
core,pending_lookup_done,45,327495861753568
core,timeout_cancel_start,45,327495861754492
core,timeout_cancel_done,45,327495861757303
core,queue_completion_start,45,327495861758476
core,queue_completion_done,45,327495861763867
client,callback_enter,44,327495861781937
client,poll_return,44,327495861788706
client,submit_start,45,327495861790945
client,submit_stop,45,327495861800906
client,poll_enter,45,327495861803275
server,recv_return,46,327495861862728
server,reply_start,46,327495861867537
server,reply_done,46,327495861872986
core,dispatch_reply_enter,46,327495861912354
core,pending_lookup_start,46,327495861919336
core,pending_lookup_done,46,327495861921246
core,timeout_cancel_start,46,327495861922159
core,timeout_cancel_done,46,327495861925139
core,queue_completion_start,46,327495861926018
core,queue_completion_done,46,327495861931311
client,callback_enter,45,327495861953603
client,poll_return,45,327495861964729
client,submit_start,46,327495861967605
client,submit_stop,46,327495861981729
client,poll_enter,46,327495861986939
server,recv_return,47,327495862040042
server,reply_start,47,327495862046509
server,reply_done,47,327495862053545
core,dispatch_reply_enter,47,327495862095056
core,pending_lookup_start,47,327495862101685
core,pending_lookup_done,47,327495862103548
core,timeout_cancel_start,47,327495862104464
core,timeout_cancel_done,47,327495862107178
core,queue_completion_start,47,327495862108219
core,queue_completion_done,47,327495862113152
client,callback_enter,46,327495862138547
client,poll_return,46,327495862145301
client,submit_start,47,327495862147169
client,submit_stop,47,327495862156517
client,poll_enter,47,327495862157773
server,recv_return,48,327495862212957
server,reply_start,48,327495862218838
server,reply_done,48,327495862224905
core,dispatch_reply_enter,48,327495862267516
core,pending_lookup_start,48,327495862273129
core,pending_lookup_done,48,327495862275119
core,timeout_cancel_start,48,327495862276022
core,timeout_cancel_done,48,327495862278872
core,queue_completion_start,48,327495862279923
core,queue_completion_done,48,327495862284273
client,callback_enter,47,327495862301758
client,poll_return,47,327495862308991
client,submit_start,48,327495862310752
client,submit_stop,48,327495862319552
client,poll_enter,48,327495862322057
server,recv_return,49,327495862475879
server,reply_start,49,327495862484176
server,reply_done,49,327495862490657
core,dispatch_reply_enter,49,327495862538085
core,pending_lookup_start,49,327495862545737
core,pending_lookup_done,49,327495862547753
core,timeout_cancel_start,49,327495862548782
core,timeout_cancel_done,49,327495862551990
core,queue_completion_start,49,327495862553068
core,queue_completion_done,49,327495862558788
client,callback_enter,48,327495862575432
client,poll_return,48,327495862582983
client,submit_start,49,327495862584961
client,submit_stop,49,327495862594436
client,poll_enter,49,327495862596843
server,recv_return,50,327495862659751
server,reply_start,50,327495862666547
server,reply_done,50,327495862673382
core,dispatch_reply_enter,50,327495862708621
core,pending_lookup_start,50,327495862714213
core,pending_lookup_done,50,327495862715871
core,timeout_cancel_start,50,327495862716849
core,timeout_cancel_done,50,327495862719610
core,queue_completion_start,50,327495862720536
core,queue_completion_done,50,327495862724476
client,callback_enter,49,327495862744935
client,poll_return,49,327495862752908
client,submit_start,50,327495862754775
client,submit_stop,50,327495862769847
client,poll_enter,50,327495862772577
server,recv_return,51,327495862834263
server,reply_start,51,327495862840385
server,reply_done,51,327495862848166
core,dispatch_reply_enter,51,327495862894839
core,pending_lookup_start,51,327495862900872
core,pending_lookup_done,51,327495862902984
core,timeout_cancel_start,51,327495862903926
core,timeout_cancel_done,51,327495862906726
core,queue_completion_start,51,327495862907652
core,queue_completion_done,51,327495862912994
client,callback_enter,50,327495862931094
client,poll_return,50,327495862937939
client,submit_start,51,327495862939758
client,submit_stop,51,327495862949477
client,poll_enter,51,327495862951720
server,recv_return,52,327495863016644
server,reply_start,52,327495863022985
server,reply_done,52,327495863030123
core,dispatch_reply_enter,52,327495863069735
core,pending_lookup_start,52,327495863075869
core,pending_lookup_done,52,327495863077820
core,timeout_cancel_start,52,327495863078792
core,timeout_cancel_done,52,327495863081891
core,queue_completion_start,52,327495863082924
core,queue_completion_done,52,327495863088290
client,callback_enter,51,327495863106181
client,poll_return,51,327495863111432
client,submit_start,52,327495863113135
client,submit_stop,52,327495863122018
client,poll_enter,52,327495863124592
server,recv_return,53,327495863184007
server,reply_start,53,327495863189471
server,reply_done,53,327495863195053
core,dispatch_reply_enter,53,327495863236385
core,pending_lookup_start,53,327495863242736
core,pending_lookup_done,53,327495863244523
core,timeout_cancel_start,53,327495863245465
core,timeout_cancel_done,53,327495863248086
core,queue_completion_start,53,327495863249062
core,queue_completion_done,53,327495863254267
client,callback_enter,52,327495863271168
client,poll_return,52,327495863281622
client,submit_start,53,327495863283451
client,submit_stop,53,327495863293077
client,poll_enter,53,327495863294602
server,recv_return,54,327495863365990
server,reply_start,54,327495863372590
server,reply_done,54,327495863379300
core,dispatch_reply_enter,54,327495863418925
core,pending_lookup_start,54,327495863425338
core,pending_lookup_done,54,327495863427162
core,timeout_cancel_start,54,327495863428401
core,timeout_cancel_done,54,327495863431239
core,queue_completion_start,54,327495863432253
core,queue_completion_done,54,327495863436849
client,callback_enter,53,327495863474929
client,poll_return,53,327495863490923
client,submit_start,54,327495863493728
client,submit_stop,54,327495863510111
client,poll_enter,54,327495863515348
server,recv_return,55,327495863568389
server,reply_start,55,327495863574285
server,reply_done,55,327495863581274
core,dispatch_reply_enter,55,327495863618835
core,pending_lookup_start,55,327495863625582
core,pending_lookup_done,55,327495863627654
core,timeout_cancel_start,55,327495863628616
core,timeout_cancel_done,55,327495863631325
core,queue_completion_start,55,327495863632406
core,queue_completion_done,55,327495863637573
client,callback_enter,54,327495863763884
client,poll_return,54,327495863772291
client,submit_start,55,327495863774236
client,submit_stop,55,327495863784560
client,poll_enter,55,327495863786860
server,recv_return,56,327495863848656
server,reply_start,56,327495863855023
server,reply_done,56,327495863861447
core,dispatch_reply_enter,56,327495863898805
core,pending_lookup_start,56,327495863904663
core,pending_lookup_done,56,327495863906278
core,timeout_cancel_start,56,327495863907253
core,timeout_cancel_done,56,327495863910030
core,queue_completion_start,56,327495863911122
core,queue_completion_done,56,327495863915609
client,callback_enter,55,327495863940072
client,poll_return,55,327495863952702
client,submit_start,56,327495863955713
client,submit_stop,56,327495863970229
client,poll_enter,56,327495863975472
server,recv_return,57,327495864042450
server,reply_start,57,327495864050303
server,reply_done,57,327495864056601
core,dispatch_reply_enter,57,327495864100223
core,pending_lookup_start,57,327495864105867
core,pending_lookup_done,57,327495864107568
core,timeout_cancel_start,57,327495864108578
core,timeout_cancel_done,57,327495864111323
core,queue_completion_start,57,327495864112318
core,queue_completion_done,57,327495864116948
client,callback_enter,56,327495864141933
client,poll_return,56,327495864152830
client,submit_start,57,327495864155722
client,submit_stop,57,327495864169232
client,poll_enter,57,327495864174423
server,recv_return,58,327495864228613
server,reply_start,58,327495864232912
server,reply_done,58,327495864238245
core,dispatch_reply_enter,58,327495864277930
core,pending_lookup_start,58,327495864283298
core,pending_lookup_done,58,327495864285058
core,timeout_cancel_start,58,327495864286056
core,timeout_cancel_done,58,327495864288981
core,queue_completion_start,58,327495864290047
core,queue_completion_done,58,327495864295305
client,callback_enter,57,327495864316121
client,poll_return,57,327495864320909
client,submit_start,58,327495864322745
client,submit_stop,58,327495864331563
client,poll_enter,58,327495864335330
server,recv_return,59,327495864392121
server,reply_start,59,327495864397951
server,reply_done,59,327495864403637
core,dispatch_reply_enter,59,327495864445419
core,pending_lookup_start,59,327495864451803
core,pending_lookup_done,59,327495864454137
core,timeout_cancel_start,59,327495864455300
core,timeout_cancel_done,59,327495864458393
core,queue_completion_start,59,327495864459444
core,queue_completion_done,59,327495864463944
client,callback_enter,58,327495864481439
client,poll_return,58,327495864490196
client,submit_start,59,327495864492332
client,submit_stop,59,327495864503443
client,poll_enter,59,327495864505898
server,recv_return,60,327495864564262
server,reply_start,60,327495864569707
server,reply_done,60,327495864575908
core,dispatch_reply_enter,60,327495864615962
core,pending_lookup_start,60,327495864622668
core,pending_lookup_done,60,327495864628802
core,timeout_cancel_start,60,327495864629854
core,timeout_cancel_done,60,327495864632821
core,queue_completion_start,60,327495864633841
core,queue_completion_done,60,327495864639338
client,callback_enter,59,327495864653883
client,poll_return,59,327495864659512
client,submit_start,60,327495864661415
client,submit_stop,60,327495864670908
client,poll_enter,60,327495864673540
server,recv_return,61,327495864743543
server,reply_start,61,327495864749564
server,reply_done,61,327495864758957
core,dispatch_reply_enter,61,327495864804073
core,pending_lookup_start,61,327495864809788
core,pending_lookup_done,61,327495864811668
core,timeout_cancel_start,61,327495864812645
core,timeout_cancel_done,61,327495864815539
core,queue_completion_start,61,327495864816520
core,queue_completion_done,61,327495864821244
client,callback_enter,60,327495864839693
client,poll_return,60,327495864847118
client,submit_start,61,327495864849065
client,submit_stop,61,327495864859024
client,poll_enter,61,327495864863131
server,recv_return,62,327495864913714
server,reply_start,62,327495864918147
server,reply_done,62,327495864923619
core,dispatch_reply_enter,62,327495864970056
core,pending_lookup_start,62,327495864975653
core,pending_lookup_done,62,327495864977380
core,timeout_cancel_start,62,327495864978420
core,timeout_cancel_done,62,327495864981423
core,queue_completion_start,62,327495864982676
core,queue_completion_done,62,327495864987589
client,callback_enter,61,327495864999812
client,poll_return,61,327495865004491
client,submit_start,62,327495865006057
client,submit_stop,62,327495865017342
client,poll_enter,62,327495865019939
server,recv_return,63,327495865080143
server,reply_start,63,327495865086626
server,reply_done,63,327495865093145
core,dispatch_reply_enter,63,327495865138398
core,pending_lookup_start,63,327495865144066
core,pending_lookup_done,63,327495865145700
core,timeout_cancel_start,63,327495865146706
core,timeout_cancel_done,63,327495865149445
core,queue_completion_start,63,327495865150495
core,queue_completion_done,63,327495865154679
client,callback_enter,62,327495865174055
client,poll_return,62,327495865181161
client,submit_start,63,327495865183227
client,submit_stop,63,327495865193610
client,poll_enter,63,327495865194842
server,recv_return,64,327495865265068
server,reply_start,64,327495865270744
server,reply_done,64,327495865275967
core,dispatch_reply_enter,64,327495865313459
core,pending_lookup_start,64,327495865318737
core,pending_lookup_done,64,327495865320355
core,timeout_cancel_start,64,327495865321405
core,timeout_cancel_done,64,327495865324375
core,queue_completion_start,64,327495865325431
core,queue_completion_done,64,327495865329629
client,callback_enter,63,327495865346525
client,poll_return,63,327495865353360
client,submit_start,64,327495865355345
client,submit_stop,64,327495865365667
client,poll_enter,64,327495865369345
server,recv_return,65,327495865425330
server,reply_start,65,327495865431063
server,reply_done,65,327495865436786
core,dispatch_reply_enter,65,327495865477852
core,pending_lookup_start,65,327495865484090
core,pending_lookup_done,65,327495865486195
core,timeout_cancel_start,65,327495865487220
core,timeout_cancel_done,65,327495865490047
core,queue_completion_start,65,327495865491025
core,queue_completion_done,65,327495865495931
client,callback_enter,64,327495865513036
client,poll_return,64,327495865519424
client,submit_start,65,327495865521131
client,submit_stop,65,327495865530978
client,poll_enter,65,327495865533098
server,recv_return,66,327495865600156
server,reply_start,66,327495865605741
server,reply_done,66,327495865611579
core,dispatch_reply_enter,66,327495865646988
core,pending_lookup_start,66,327495865653157
core,pending_lookup_done,66,327495865654991
core,timeout_cancel_start,66,327495865656086
core,timeout_cancel_done,66,327495865659018
core,queue_completion_start,66,327495865660109
core,queue_completion_done,66,327495865664734
client,callback_enter,65,327495865675428
client,poll_return,65,327495865679463
client,submit_start,66,327495865681077
client,submit_stop,66,327495865688067
client,poll_enter,66,327495865694756
server,recv_return,67,327495865745241
server,reply_start,67,327495865751013
server,reply_done,67,327495865756738
core,dispatch_reply_enter,67,327495865791534
core,pending_lookup_start,67,327495865797255
core,pending_lookup_done,67,327495865798953
core,timeout_cancel_start,67,327495865799989
core,timeout_cancel_done,67,327495865802411
core,queue_completion_start,67,327495865803501
core,queue_completion_done,67,327495865807753
client,callback_enter,66,327495865829988
client,poll_return,66,327495865840933
client,submit_start,67,327495865843728
client,submit_stop,67,327495865857298
client,poll_enter,67,327495865862451
server,recv_return,68,327495865912411
server,reply_start,68,327495865918048
server,reply_done,68,327495865923684
core,dispatch_reply_enter,68,327495865967258
core,pending_lookup_start,68,327495865973276
core,pending_lookup_done,68,327495865974904
core,timeout_cancel_start,68,327495865975890
core,timeout_cancel_done,68,327495865978312
core,queue_completion_start,68,327495865979307
core,queue_completion_done,68,327495865983830
client,callback_enter,67,327495866001232
client,poll_return,67,327495866008310
client,submit_start,68,327495866010051
client,submit_stop,68,327495866019304
client,poll_enter,68,327495866021594
server,recv_return,69,327495866103083
server,reply_start,69,327495866108819
server,reply_done,69,327495866114414
core,dispatch_reply_enter,69,327495866152977
core,pending_lookup_start,69,327495866160028
core,pending_lookup_done,69,327495866161855
core,timeout_cancel_start,69,327495866162805
core,timeout_cancel_done,69,327495866165627
core,queue_completion_start,69,327495866166924
core,queue_completion_done,69,327495866172181
client,callback_enter,68,327495866194631
client,poll_return,68,327495866205551
client,submit_start,69,327495866208752
client,submit_stop,69,327495866222183
client,poll_enter,69,327495866227190
server,recv_return,70,327495866280548
server,reply_start,70,327495866286230
server,reply_done,70,327495866292255
core,dispatch_reply_enter,70,327495866333003
core,pending_lookup_start,70,327495866339176
core,pending_lookup_done,70,327495866341065
core,timeout_cancel_start,70,327495866342063
core,timeout_cancel_done,70,327495866344560
core,queue_completion_start,70,327495866345520
core,queue_completion_done,70,327495866350634
client,callback_enter,69,327495866371097
client,poll_return,69,327495866380004
client,submit_start,70,327495866382024
client,submit_stop,70,327495866393532
client,poll_enter,70,327495866397018
server,recv_return,71,327495866457118
server,reply_start,71,327495866462770
server,reply_done,71,327495866469029
core,dispatch_reply_enter,71,327495866510678
core,pending_lookup_start,71,327495866517019
core,pending_lookup_done,71,327495866518780
core,timeout_cancel_start,71,327495866519872
core,timeout_cancel_done,71,327495866522697
core,queue_completion_start,71,327495866523698
core,queue_completion_done,71,327495866528442
client,callback_enter,70,327495866541044
client,poll_return,70,327495866545756
client,submit_start,71,327495866547613
client,submit_stop,71,327495866555626
client,poll_enter,71,327495866558199
server,recv_return,72,327495866617297
server,reply_start,72,327495866623027
server,reply_done,72,327495866629713
core,dispatch_reply_enter,72,327495866671658
core,pending_lookup_start,72,327495866677531
core,pending_lookup_done,72,327495866679294
core,timeout_cancel_start,72,327495866680337
core,timeout_cancel_done,72,327495866683277
core,queue_completion_start,72,327495866684328
core,queue_completion_done,72,327495866688709
client,callback_enter,71,327495866714246
client,poll_return,71,327495866725659
client,submit_start,72,327495866728684
client,submit_stop,72,327495866742351
client,poll_enter,72,327495866747572
server,recv_return,73,327495866804305
server,reply_start,73,327495866810005
server,reply_done,73,327495866816662
core,dispatch_reply_enter,73,327495866857595
core,pending_lookup_start,73,327495866862694
core,pending_lookup_done,73,327495866864241
core,timeout_cancel_start,73,327495866865255
core,timeout_cancel_done,73,327495866868115
core,queue_completion_start,73,327495866873821
core,queue_completion_done,73,327495866878817
client,callback_enter,72,327495866899905
client,poll_return,72,327495866905576
client,submit_start,73,327495866907330
client,submit_stop,73,327495866916577
client,poll_enter,73,327495866917616
server,recv_return,74,327495866969803
server,reply_start,74,327495866975059
server,reply_done,74,327495866984284
core,dispatch_reply_enter,74,327495867021204
core,pending_lookup_start,74,327495867027244
core,pending_lookup_done,74,327495867028807
core,timeout_cancel_start,74,327495867029853
core,timeout_cancel_done,74,327495867032343
core,queue_completion_start,74,327495867033392
core,queue_completion_done,74,327495867037819
client,callback_enter,73,327495867053648
client,poll_return,73,327495867060702
client,submit_start,74,327495867062519
client,submit_stop,74,327495867071822
client,poll_enter,74,327495867072892
server,recv_return,75,327495867139147
server,reply_start,75,327495867144621
server,reply_done,75,327495867150446
core,dispatch_reply_enter,75,327495867187018
core,pending_lookup_start,75,327495867192395
core,pending_lookup_done,75,327495867194122
core,timeout_cancel_start,75,327495867195152
core,timeout_cancel_done,75,327495867197975
core,queue_completion_start,75,327495867198905
core,queue_completion_done,75,327495867203105
client,callback_enter,74,327495867226606
client,poll_return,74,327495867237712
client,submit_start,75,327495867240548
client,submit_stop,75,327495867259199
client,poll_enter,75,327495867265688
server,recv_return,76,327495867316930
server,reply_start,76,327495867323150
server,reply_done,76,327495867330078
core,dispatch_reply_enter,76,327495867365954
core,pending_lookup_start,76,327495867372046
core,pending_lookup_done,76,327495867373835
core,timeout_cancel_start,76,327495867374897
core,timeout_cancel_done,76,327495867377600
core,queue_completion_start,76,327495867379026
core,queue_completion_done,76,327495867383974
client,callback_enter,75,327495867404297
client,poll_return,75,327495867409759
client,submit_start,76,327495867412781
client,submit_stop,76,327495867421199
client,poll_enter,76,327495867422188
server,recv_return,77,327495867481857
server,reply_start,77,327495867488090
server,reply_done,77,327495867494318
core,dispatch_reply_enter,77,327495867534345
core,pending_lookup_start,77,327495867540499
core,pending_lookup_done,77,327495867542268
core,timeout_cancel_start,77,327495867543244
core,timeout_cancel_done,77,327495867546100
core,queue_completion_start,77,327495867547114
core,queue_completion_done,77,327495867552281
client,callback_enter,76,327495867569952
client,poll_return,76,327495867576472
client,submit_start,77,327495867578246
client,submit_stop,77,327495867587049
client,poll_enter,77,327495867589463
server,recv_return,78,327495867649548
server,reply_start,78,327495867655072
server,reply_done,78,327495867661451
core,dispatch_reply_enter,78,327495867696237
core,pending_lookup_start,78,327495867702032
core,pending_lookup_done,78,327495867703672
core,timeout_cancel_start,78,327495867704639
core,timeout_cancel_done,78,327495867707365
core,queue_completion_start,78,327495867709071
core,queue_completion_done,78,327495867713115
client,callback_enter,77,327495867731042
client,poll_return,77,327495867737240
client,submit_start,78,327495867739277
client,submit_stop,78,327495867747508
client,poll_enter,78,327495867749124
server,recv_return,79,327495867815789
server,reply_start,79,327495867821067
server,reply_done,79,327495867827416
core,dispatch_reply_enter,79,327495867866713
core,pending_lookup_start,79,327495867872250
core,pending_lookup_done,79,327495867873879
core,timeout_cancel_start,79,327495867874871
core,timeout_cancel_done,79,327495867877597
core,queue_completion_start,79,327495867878489
core,queue_completion_done,79,327495867882771
client,callback_enter,78,327495867902802
client,poll_return,78,327495867909348
client,submit_start,79,327495867911251
client,submit_stop,79,327495867921258
client,poll_enter,79,327495867923811
client,callback_enter,79,327495868068814
client,poll_return,79,327495868084448
client,submit_start,0,327496852976873
client,submit_stop,0,327496853013177
client,submit_start,1,327496853015328
client,submit_stop,1,327496853024130
client,submit_start,2,327496853025383
client,submit_stop,2,327496853027374
client,submit_start,3,327496853029337
client,submit_stop,3,327496853031046
client,submit_start,4,327496853032109
client,submit_stop,4,327496853033710
client,submit_start,5,327496853034605
client,submit_stop,5,327496853036096
client,submit_start,6,327496853037171
client,submit_stop,6,327496853039530
client,submit_start,7,327496853040627
client,submit_stop,7,327496853042471
client,submit_start,8,327496853043498
client,submit_stop,8,327496853045191
client,submit_start,9,327496853046887
client,submit_stop,9,327496853054046
client,submit_start,10,327496853056256
client,submit_stop,10,327496853058358
client,submit_start,11,327496853059524
client,submit_stop,11,327496853062363
client,submit_start,12,327496853063406
client,submit_stop,12,327496853065910
client,submit_start,13,327496853068240
client,submit_stop,13,327496853073931
client,submit_start,14,327496853076265
client,submit_stop,14,327496853078148
client,submit_start,15,327496853079130
client,submit_stop,15,327496853080902
client,submit_start,16,327496853082861
client,submit_stop,16,327496853084537
client,submit_start,17,327496853085483
client,submit_stop,17,327496853087096
client,submit_start,18,327496853089019
client,submit_stop,18,327496853093210
client,submit_start,19,327496853094424
client,submit_stop,19,327496853096568
client,submit_start,20,327496853097578
client,submit_stop,20,327496853099455
client,submit_start,21,327496853100470
client,submit_stop,21,327496853103646
client,submit_start,22,327496853105052
client,submit_stop,22,327496853109296
client,submit_start,23,327496853110423
client,submit_stop,23,327496853112434
client,submit_start,24,327496853113655
client,submit_stop,24,327496853117797
client,submit_start,25,327496853118919
client,submit_stop,25,327496853120708
client,submit_start,26,327496853121714
client,submit_stop,26,327496853123322
client,submit_start,27,327496853124253
client,submit_stop,27,327496853125910
client,submit_start,28,327496853127728
client,submit_stop,28,327496853129415
client,submit_start,29,327496853130384
client,submit_stop,29,327496853132986
client,submit_start,30,327496853134804
client,submit_stop,30,327496853137088
client,submit_start,31,327496853139577
client,submit_stop,31,327496853143059
client,submit_start,32,327496853144189
client,submit_stop,32,327496853146553
client,submit_start,33,327496853148096
client,submit_stop,33,327496853152347
client,submit_start,34,327496853154038
client,submit_stop,34,327496853156143
client,submit_start,35,327496853157767
client,submit_stop,35,327496853159501
client,submit_start,36,327496853160904
client,submit_stop,36,327496853162761
client,submit_start,37,327496853163874
client,submit_stop,37,327496853165773
client,submit_start,38,327496853167849
client,submit_stop,38,327496853172470
client,submit_start,39,327496853175142
client,submit_stop,39,327496853178309
client,submit_start,40,327496853179506
client,submit_stop,40,327496853183490
client,submit_start,41,327496853184597
client,submit_stop,41,327496853186355
client,submit_start,42,327496853187381
client,submit_stop,42,327496853189238
client,submit_start,43,327496853190313
client,submit_stop,43,327496853193662
client,submit_start,44,327496853197266
client,submit_stop,44,327496853200438
client,submit_start,45,327496853202389
client,submit_stop,45,327496853204100
client,submit_start,46,327496853205587
client,submit_stop,46,327496853209477
client,submit_start,47,327496853212275
client,submit_stop,47,327496853214291
client,submit_start,48,327496853215703
client,submit_stop,48,327496853218259
client,submit_start,49,327496853221150
client,submit_stop,49,327496853225167
client,submit_start,50,327496853227000
client,submit_stop,50,327496853228990
client,submit_start,51,327496853230026
client,submit_stop,51,327496853233369
client,submit_start,52,327496853234518
client,submit_stop,52,327496853236683
client,submit_start,53,327496853247481
client,submit_stop,53,327496853250449
client,submit_start,54,327496853251439
client,submit_stop,54,327496853253062
client,submit_start,55,327496853254066
client,submit_stop,55,327496853255727
client,submit_start,56,327496853257663
client,submit_stop,56,327496853259294
client,submit_start,57,327496853260245
client,submit_stop,57,327496853261916
client,submit_start,58,327496853262884
client,submit_stop,58,327496853265339
client,submit_start,59,327496853266307
client,submit_stop,59,327496853270186
client,submit_start,60,327496853271188
client,submit_stop,60,327496853272844
client,submit_start,61,327496853273787
client,submit_stop,61,327496853277817
client,submit_start,62,327496853278829
client,submit_stop,62,327496853284870
client,submit_start,63,327496853287198
client,submit_stop,63,327496853289375
client,submit_start,64,327496853292092
client,submit_stop,64,327496853295202
client,submit_start,65,327496853296564
client,submit_stop,65,327496853298668
client,submit_start,66,327496853301639
client,submit_stop,66,327496853347061
client,submit_start,67,327496853362157
client,submit_stop,67,327496853367128
client,submit_start,68,327496853368943
client,submit_stop,68,327496853371180
client,submit_start,69,327496853372911
client,submit_stop,69,327496853376435
client,submit_start,70,327496853379172
client,submit_stop,70,327496853382372
client,submit_start,71,327496853383531
client,submit_stop,71,327496853385431
client,submit_start,72,327496853386599
client,submit_stop,72,327496853388512
client,submit_start,73,327496853389517
client,submit_stop,73,327496853391439
client,submit_start,74,327496853392417
client,submit_stop,74,327496853394166
client,submit_start,75,327496853395180
client,submit_stop,75,327496853396950
client,submit_start,76,327496853398089
client,submit_stop,76,327496853399754
client,submit_start,77,327496853400787
client,submit_stop,77,327496853402502
client,submit_start,78,327496853403557
client,submit_stop,78,327496853405340
client,submit_start,79,327496853406350
client,submit_stop,79,327496853408133
client,callback_enter,0,327496853532035
client,callback_enter,1,327496853544355
client,callback_enter,2,327496853546156
client,callback_enter,3,327496853547105
client,callback_enter,4,327496853548135
client,callback_enter,5,327496853549041
client,callback_enter,6,327496853549931
client,callback_enter,7,327496853551200
client,callback_enter,8,327496853552536
client,callback_enter,9,327496853553658
client,callback_enter,10,327496853554625
client,callback_enter,11,327496853555556
client,callback_enter,12,327496853556770
client,callback_enter,13,327496853558148
client,callback_enter,14,327496853560342
client,callback_enter,15,327496853561443
client,callback_enter,16,327496853562437
client,callback_enter,17,327496853563586
client,callback_enter,18,327496853565847
client,callback_enter,19,327496853566797
client,callback_enter,20,327496853567704
client,callback_enter,21,327496853568856
client,callback_enter,22,327496853570880
client,callback_enter,23,327496853571977
client,callback_enter,24,327496853573234
client,callback_enter,25,327496853574215
client,callback_enter,26,327496853575206
client,callback_enter,27,327496853576097
client,callback_enter,28,327496853577108
client,callback_enter,29,327496853578143
client,callback_enter,30,327496853579652
client,callback_enter,31,327496853581202
client,callback_enter,32,327496853584890
client,callback_enter,33,327496853587198
client,callback_enter,34,327496853589309
client,callback_enter,35,327496853590213
client,callback_enter,36,327496853591145
client,callback_enter,37,327496853592634
client,callback_enter,38,327496853695614
client,callback_enter,39,327496853703900
client,callback_enter,40,327496853705944
client,callback_enter,41,327496853706909
client,callback_enter,42,327496853708138
client,callback_enter,43,327496853709121
client,callback_enter,44,327496853711288
client,callback_enter,45,327496853714681
client,callback_enter,46,327496853715853
client,callback_enter,47,327496853717438
client,callback_enter,48,327496853718454
client,callback_enter,49,327496853720507
client,callback_enter,50,327496853725806
client,callback_enter,51,327496853727098
client,callback_enter,52,327496853729476
client,callback_enter,53,327496853730481
client,callback_enter,54,327496853731449
client,callback_enter,55,327496853732550
client,callback_enter,56,327496853733560
client,callback_enter,57,327496853735463
client,callback_enter,58,327496853736364
client,callback_enter,59,327496853737232
client,callback_enter,60,327496853738163
client,callback_enter,61,327496853739199
client,callback_enter,62,327496853740124
client,callback_enter,63,327496853741093
client,callback_enter,64,327496853742916
client,callback_enter,65,327496853743809
client,callback_enter,66,327496853744909
client,callback_enter,67,327496853745927
client,callback_enter,68,327496853746954
client,callback_enter,69,327496853749354
client,callback_enter,70,327496853750286
client,callback_enter,71,327496853751104
client,callback_enter,72,327496853752190
client,callback_enter,73,327496853753126
client,callback_enter,74,327496853753972
client,callback_enter,75,327496853755166
client,callback_enter,76,327496853756175
client,callback_enter,77,327496853758213
client,callback_enter,78,327496853759156
client,callback_enter,79,327496853759994
client,submit_start,0,327497867438560
client,submit_stop,0,327497867488673
client,submit_start,1,327497867492280
client,submit_stop,1,327497867494496
client,submit_start,2,327497867495832
client,submit_stop,2,327497867497651
client,submit_start,3,327497867498909
client,submit_stop,3,327497867501173
client,submit_start,4,327497867502305
client,submit_stop,4,327497867504522
client,submit_start,5,327497867505495
client,submit_stop,5,327497867508945
client,submit_start,6,327497867510175
client,submit_stop,6,327497867517538
client,submit_start,7,327497867518815
client,submit_stop,7,327497867520597
client,submit_start,8,327497867521549
client,submit_stop,8,327497867523213
client,submit_start,9,327497867524201
client,submit_stop,9,327497867525884
client,submit_start,10,327497867528254
client,submit_stop,10,327497867533964
client,submit_start,11,327497867536151
client,submit_stop,11,327497867537978
client,submit_start,12,327497867538886
client,submit_stop,12,327497867540528
client,submit_start,13,327497867541477
client,submit_stop,13,327497867543101
client,submit_start,14,327497867544032
client,submit_stop,14,327497867545562
client,submit_start,15,327497867546471
client,submit_stop,15,327497867548100
client,submit_start,16,327497867549062
client,submit_stop,16,327497867550686
client,submit_start,17,327497867551713
client,submit_stop,17,327497867553422
client,submit_start,18,327497867554433
client,submit_stop,18,327497867556483
client,submit_start,19,327497867559434
client,submit_stop,19,327497867562867
client,submit_start,20,327497867564436
client,submit_stop,20,327497867566156
client,submit_start,21,327497867567190
client,submit_stop,21,327497867568982
client,submit_start,22,327497867570081
client,submit_stop,22,327497867571915
client,submit_start,23,327497867574591
client,submit_stop,23,327497867576351
client,submit_start,24,327497867577324
client,submit_stop,24,327497867579000
client,submit_start,25,327497867580472
client,submit_stop,25,327497867582186
client,submit_start,26,327497867583294
client,submit_stop,26,327497867585323
client,submit_start,27,327497867586362
client,submit_stop,27,327497867587998
client,submit_start,28,327497867589119
client,submit_stop,28,327497867590710
client,submit_start,29,327497867591690
client,submit_stop,29,327497867593515
client,submit_start,30,327497867594629
client,submit_stop,30,327497867596343
client,submit_start,31,327497867599037
client,submit_stop,31,327497867601660
client,submit_start,32,327497867602713
client,submit_stop,32,327497867605221
client,submit_start,33,327497867606270
client,submit_stop,33,327497867608071
client,submit_start,34,327497867609254
client,submit_stop,34,327497867612679
client,submit_start,35,327497867613923
client,submit_stop,35,327497867615591
client,submit_start,36,327497867616800
client,submit_stop,36,327497867618428
client,submit_start,37,327497867619486
client,submit_stop,37,327497867631742
client,submit_start,38,327497867634220
client,submit_stop,38,327497867636165
client,submit_start,39,327497867637244
client,submit_stop,39,327497867638874
client,submit_start,40,327497867640038
client,submit_stop,40,327497867641701
client,submit_start,41,327497867642745
client,submit_stop,41,327497867644389
client,submit_start,42,327497867645471
client,submit_stop,42,327497867647173
client,submit_start,43,327497867648134
client,submit_stop,43,327497867649846
client,submit_start,44,327497867650831
client,submit_stop,44,327497867652514
client,submit_start,45,327497867653550
client,submit_stop,45,327497867655296
client,submit_start,46,327497867656340
client,submit_stop,46,327497867658020
client,submit_start,47,327497867659023
client,submit_stop,47,327497867661283
client,submit_start,48,327497867662342
client,submit_stop,48,327497867665504
client,submit_start,49,327497867666747
client,submit_stop,49,327497867668502
client,submit_start,50,327497867669512
client,submit_stop,50,327497867671220
client,submit_start,51,327497867672212
client,submit_stop,51,327497867673877
client,submit_start,52,327497867674909
client,submit_stop,52,327497867676535
client,submit_start,53,327497867677646
client,submit_stop,53,327497867679318
client,submit_start,54,327497867680531
client,submit_stop,54,327497867682761
client,submit_start,55,327497867683820
client,submit_stop,55,327497867686694
client,submit_start,56,327497867689158
client,submit_stop,56,327497867692623
client,submit_start,57,327497867693690
client,submit_stop,57,327497867695436
client,submit_start,58,327497867696459
client,submit_stop,58,327497867698198
client,submit_start,59,327497867699182
client,submit_stop,59,327497867700860
client,submit_start,60,327497867701912
client,submit_stop,60,327497867703493
client,submit_start,61,327497867704502
client,submit_stop,61,327497867706149
client,submit_start,62,327497867707168
client,submit_stop,62,327497867708761
client,submit_start,63,327497867709745
client,submit_stop,63,327497867711628
client,submit_start,64,327497867716434
client,submit_stop,64,327497867718705
client,submit_start,65,327497867720371
client,submit_stop,65,327497867723554
client,submit_start,66,327497867726667
client,submit_stop,66,327497867729789
client,submit_start,67,327497867730858
client,submit_stop,67,327497867732682
client,submit_start,68,327497867733682
client,submit_stop,68,327497867735461
client,submit_start,69,327497867737706
client,submit_stop,69,327497867739471
client,submit_start,70,327497867741810
client,submit_stop,70,327497867743725
client,submit_start,71,327497867745549
client,submit_stop,71,327497867747641
client,submit_start,72,327497867751399
client,submit_stop,72,327497867754480
client,submit_start,73,327497867755549
client,submit_stop,73,327497867758228
client,submit_start,74,327497867759334
client,submit_stop,74,327497867761108
client,submit_start,75,327497867762084
client,submit_stop,75,327497867764044
client,submit_start,76,327497867767712
client,submit_stop,76,327497867784915
client,submit_start,77,327497867787442
client,submit_stop,77,327497867790247
client,submit_start,78,327497867791605
client,submit_stop,78,327497867793468
client,submit_start,79,327497867797519
client,submit_stop,79,327497867802142
client,callback_enter,0,327497867998573
client,callback_enter,1,327497868011282
client,callback_enter,2,327497868016229
client,callback_enter,3,327497868017280
client,callback_enter,4,327497868018188
client,callback_enter,5,327497868019035
client,callback_enter,6,327497868019971
client,callback_enter,7,327497868021161
client,callback_enter,8,327497868022188
client,callback_enter,9,327497868023194
client,callback_enter,10,327497868024351
client,callback_enter,11,327497868025359
client,callback_enter,12,327497868026200
client,callback_enter,13,327497868027089
client,callback_enter,14,327497868027948
client,callback_enter,15,327497868028785
client,callback_enter,16,327497868030808
client,callback_enter,17,327497868197277
client,callback_enter,18,327497868203328
client,callback_enter,19,327497868204904
client,callback_enter,20,327497868211071
client,callback_enter,21,327497868212208
client,callback_enter,22,327497868213104
client,callback_enter,23,327497868214110
client,callback_enter,24,327497868217699
client,callback_enter,25,327497868218913
client,callback_enter,26,327497868220048
client,callback_enter,27,327497868221116
client,callback_enter,28,327497868222047
client,callback_enter,29,327497868223000
client,callback_enter,30,327497868224661
client,callback_enter,31,327497868226545
client,callback_enter,32,327497868448571
client,callback_enter,33,327497868455379
client,callback_enter,34,327497868456727
client,callback_enter,35,327497868457590
client,callback_enter,36,327497868458424
client,callback_enter,37,327497868459308
client,callback_enter,38,327497868460209
client,callback_enter,39,327497868461404
client,callback_enter,40,327497868462401
client,callback_enter,41,327497868463367
client,callback_enter,42,327497868464263
client,callback_enter,43,327497868465166
client,callback_enter,44,327497868466244
client,callback_enter,45,327497868467624
client,callback_enter,46,327497868468618
client,callback_enter,47,327497868469539
client,callback_enter,48,327497868470496
client,callback_enter,49,327497868471395
client,callback_enter,50,327497868474622
client,callback_enter,51,327497868475627
client,callback_enter,52,327497868478992
client,callback_enter,53,327497868480153
client,callback_enter,54,327497868481179
client,callback_enter,55,327497868483948
client,callback_enter,56,327497868486120
client,callback_enter,57,327497868487078
client,callback_enter,58,327497868489233
client,callback_enter,59,327497868490118
client,callback_enter,60,327497868490965
client,callback_enter,61,327497868491768
client,callback_enter,62,327497868492758
client,callback_enter,63,327497868493727
client,callback_enter,64,327497868494607
client,callback_enter,65,327497868495432
client,callback_enter,66,327497868496284
client,callback_enter,67,327497868497103
client,callback_enter,68,327497868498430
client,callback_enter,69,327497868499404
client,callback_enter,70,327497868500406
client,callback_enter,71,327497868501399
client,callback_enter,72,327497868502397
client,callback_enter,73,327497868503258
client,callback_enter,74,327497868504357
client,callback_enter,75,327497868505281
client,callback_enter,76,327497868508388
client,callback_enter,77,327497868510732
client,callback_enter,78,327497868512961
client,callback_enter,79,327497868514469
